GUID,Names,Email,Company,Date,SIRET-NIC
1108956B-957E-950F-C4E7-C67E311A1CE9,Alejandro Rosalez,alejandrorosalez@example.com,AnyCompany,3-Oct-19,557343365-00002
4C48BF7A-831D-D71B-F58B-EC6C2C475618,Akua Mansa,akuamansa@example.com,Example Corp.,7-Sep-19,344122700-00000
7AB31C5E-B565-42C1-21D3-36677D631251,AnaCarolina Silva,anacarolinasilva@example.com,AnyCompany,15-May-20,817807167-00009
E49A3651-4B13-D18E-7468-2C0BC2109324,Arnav Desai,arnavdesai@example.com,Example Corp.,15-Feb-21,996 426 771-00001
A126381D-E2DB-2D70-531B-72CA43A0866D,Carlos Salazar,carlossalazar@example.com,AnyCompany,11-Mar-21,426660759-00009
F14A3C92-4C83-A50A-B8DC-EA10F8DD097A,Diego Ramirez,diegoramirez@example.com,Example Corp.,17-Apr-20,739493450-00004
0CBD9C6A-FACE-C468-D8B8-63764707F55D,Efua Owusu,efuaowusu@example.com,AnyCompany,8-Jan-20,265636365-00008
9965BEB4-F384-C7AB-87E2-8663B0F7CF1C,Jane Doe,janedoe@example.com,Example Corp.,29-Mar-21,210500146-00001
86060655-DC7E-1AFC-B926-1719ED2276FF,Jane Roe,janeroe@example.com,AnyCompany,4-Apr-20,234797785-00008
43DC7847-426D-374B-66DB-F4235668650B,John Doe,johndoe@example.com,Example Corp.,29-Jan-20,351 322 706-00000
B2B17C17-6CB1-5CAA-3993-761F011CA652,John Stiles,johnstiles@example.com,AnyCompany,22-Mar-20,544782675-00000
1991265C-B825-092C-5911-FA0DC0C4BFE5,Jorge Souza,jorgesouza@example.com,Example Corp.,30-Aug-19,615237096-00008
81426187-5E77-627A-C79F-8A610EA8E362,Kwaku Mensah,kwakumensah@example.com,AnyCompany,27-Feb-21,903014793-00009
59A39FCB-88F1-17F1-1C5D-5B233003A57B,Kwesi Manu,kwesimanu@example.com,Example Corp.,15-Apr-21,007405236-00006
172B34AC-9D39-5654-47A7-8B578DE45D7C,Li Juan,lijuan@example.com,AnyCompany,5-May-21,776826505-00005
542C3F7A-F059-E002-1FF4-950V68809813,Liu Jie,liujie@example.com,Example Corp.,9-Jun-20,712751460-00007
A13F614F-01B0-D2AA-75FE-8D7A171909C6,Marcia Oliveira,marciaoliveira@example.com,AnyCompany,27-Dec-19,588266304-00009
8DF1C94C-54CC-DE5D-9E17-847A13430060,Maria Garcia,mariagarcia@example.com,Example Corp.,8-Jun-20,249019035-00008
1CD670BE-1CDA-12CD-CB9A-6D009140DE3B,Martha Rivera,martharivera@example.com,AnyCompany,7-Oct-19,354106734-00008
7DBDB577-41F9-0ADF-2102-4C9C696E53F6,Mary Major,marymajor@example.com,Example Corp.,24-Aug-20,961551066-00007
D071FCF2-9830-702F-7402-35E95C9008EF,Mateo Jackson,mateojackson@example.com,AnyCompany,14-Oct-19,140149733-00002
CAD641F0-F516-04F4-DEB5-4C2CD92F64DC,Nikhil Jayashankar,nikhiljayashankar@example.com,Example Corp.,14-Apr-20,756497624-00004
539A3AB4-C333-408E-0114-933B58356D38,Nikki Wolf,nikkiwolf@example.com,AnyCompany,9-Sep-19,334116324-00008
4F837CDB-EC2E-06D5-0858-8E8C2F917E47,Paulo Santos,paulosantos@example.com,Example Corp.,24-Oct-19,722234804-00002
828650DC-20FB-72CA-155E-A4F4066099A9,Richard Roe,richardroe@example.com,AnyCompany,17-Mar-20,845095405-00005
1A66C272-2A4A-9493-CE32-D4F87A2D1083,Saanvi Sarkar,saanvisarkar@example.com,Example Corp.,14-Dec-19,629763152-00002
7234C808-4856-C7FA-7910-E191C87713F0,Shirley Rodriguez,shirleyrodriguez@example.com,AnyCompany,14-Apr-20,217299478-00008
FB32E406-3421-7FEB-FC06-DA679AFD1411,Sofia Martinez,sofiamartinez@example.com,Example Corp.,3-Nov-19,093929933-00005
E7B4CF1E-292D-9485-5261-3DF70612DD41,Wang Xiulan,wangxiulan@example.com,AnyCompany,20-Nov-19,765719752-00006
6721E759-B528-27DF-DCE9-D12B327AA286,Zhang Wei,zhangwei@example.com,Example Corp.,10-Nov-20,730462793-00003
BB721D34-0FD3-2BF9-531F-B0DDF83D42EE,Alejandro Rosalez,alejandrorosalez@example.net,AnyCompany,30-Jun-19,147671903-00002
FB8E0FF2-89F7-9A3C-D78E-E74F0E148588,Akua Mansa,akuamansa@example.net,Example Corp.,4-Oct-20,528013865-00001
CB222E85-E3D9-B478-1AD8-61250A486343,AnaCarolina Silva,anacarolinasilva@example.net,AnyCompany,14-Apr-21,141690859-00006
45184E7D-5B2C-C0D1-D0A3-90A9FE47B872,Arnav Desai,arnavdesai@example.net,Example Corp.,26-Jun-19,062425137-00007
42DCBCD9-97F5-06DF-3923-071EF5902E04,Carlos Salazar,carlossalazar@example.net,AnyCompany,17-Jul-20,368693412-00000
007F57DC-6B1E-AEE1-DB94-BF9B27A1D7FD,Diego Ramirez,diegoramirez@example.net,Example Corp.,24-Jun-20,438799041-00001
BF1C965D-3B4B-FEBB-0C8A-EE3BDDA9FE96,Efua Owusu,efuaowusu@example.net,AnyCompany,11-Apr-20,261030712-00002
05A11DEE-39A7-BEF8-BB5C-21228F5277A1,Jane Doe,janedoe@example.net,Example Corp.,28-Sep-19,926164641-00009
15D2E022-C94E-8A98-A8DF-996C465EF760,Jane Roe,janeroe@example.net,AnyCompany,12-Mar-21,799285655-00004
BFEB70BE-49D9-91FA-AFAC-FBF90F071280,John Doe,johndoe@example.net,Example Corp.,22-Feb-21,863811113-00001
65AFEA0F-3BDB-AC9D-348D-4E5DC4FF2124,John Stiles,johnstiles@example.net,AnyCompany,18-Aug-19,990934903-00008
C6B5D919-6BAF-A195-D6CE-DA8EC700B0FE,Jorge Souza,jorgesouza@example.net,Example Corp.,22-Apr-20,048640122-00007
6AD794CF-804B-F824-15DE-89241972555A,Kwaku Mensah,kwakumensah@example.net,AnyCompany,12-May-20,380354423-00002
D72DC13D-FB5F-1725-1101-BD4364AA7666,Kwesi Manu,kwesimanu@example.net,Example Corp.,20-Apr-20,996276408-00001
B696C452-7BB3-CD5F-661A-5B13F84DC240,Li Juan,lijuan@example.net,AnyCompany,2-Sep-19,352312847-00002
486BA0C2-0C1F-9847-4500-3F717D498DF7,Liu Jie,liujie@example.net,Example Corp.,1-Nov-20,905824405-00005
7430E6ED-5F5A-B747-3FC2-ED70FFF4B436,Marcia Oliveira,marciaoliveira@example.net,AnyCompany,1-Oct-19,485557938-00001
76B0E9CA-6516-AD8D-B54B-C44724061FCB,Maria Garcia,mariagarcia@example.net,Example Corp.,1-Oct-20,470533878-00000
1EDDAB8C-8F6A-F066-3F54-D81D252A35B0,Martha Rivera,martharivera@example.net,AnyCompany,28-Sep-19,000665182-00002
B0C2BEEB-9D1F-FE9F-E484-BD55D6955D35,Mary Major,marymajor@example.net,Example Corp.,26-Nov-19,391999992-00004
998AD490-1FA3-5389-25F3-55FDBA5E5312,Mateo Jackson,mateojackson@example.net,AnyCompany,29-Oct-19,009466749-00000
ECD73C14-106F-713E-FA2F-F4E9EC658FAF,Nikhil Jayashankar,nikhiljayashankar@example.net,Example Corp.,21-Jul-20,703248641-00002
4661E412-27E2-BEBD-0468-9D5EB2D7DE98,Nikki Wolf,nikkiwolf@example.net,AnyCompany,3-Dec-20,019692631-00005
3A05F09F-7CBC-867F-CBA6-D9BF3748BDF3,Paulo Santos,paulosantos@example.net,Example Corp.,11-Dec-19,968494146-00002
FB77407F-A2E9-0A5E-8810-32A4A39A8D64,Richard Roe,richardroe@example.net,AnyCompany,9-Jun-19,244710489-00000
C66A750C-2F73-21DE-4152-9433AC59B337,Saanvi Sarkar,saanvisarkar@example.net,Example Corp.,8-Dec-20,755709763-00006
95C96098-F9B0-9769-2B73-8E9C97FB7563,Shirley Rodriguez,shirleyrodriguez@example.net,AnyCompany,26-Nov-20,201740792-00001
A4BC67A5-34EE-8684-0A7A-43350E9A6573,Sofia Martinez,sofiamartinez@example.net,Example Corp.,3-May-20,838749679-00000
B3866AAB-6BD4-B40D-85C4-E08D202AD249,Wang Xiulan,wangxiulan@example.net,AnyCompany,6-Jan-20,523827731-00002
7216177E-8B3F-9483-BAD9-AB676A7B22D0,Zhang Wei,zhangwei@example.net,Example Corp.,6-Apr-20,489432435-00001
A5AA6FE0-8327-311A-FAB1-6A5E171E86C3,Alejandro Rosalez,alejandrorosalez@example.org,AnyCompany,13-Sep-20,342190717-00005
2FC1DE78-5617-D09D-F552-133F0068D105,Akua Mansa,akuamansa@example.org,Example Corp.,6-Mar-21,295419105-00008
C28572F2-23C4-3B8B-64EA-5EAE4A154576,AnaCarolina Silva,anacarolinasilva@example.org,AnyCompany,21-Sep-19,273355529-00002
B681AFF9-3A06-39E5-BC65-BF79A65878CA,Arnav Desai,arnavdesai@example.org,Example Corp.,1-Jan-21,220105688-00000
EBAB56AC-5444-FCFF-7C04-E652232479B8,Carlos Salazar,carlossalazar@example.org,AnyCompany,7-Sep-20,356883330-00009
D86C48EE-00BD-D53A-65E7-A7172BEE1B2F,Diego Ramirez,diegoramirez@example.org,Example Corp.,3-Mar-20,639922905-00000
F9274003-7778-2D25-7457-38751638218C,Efua Owusu,efuaowusu@example.org,AnyCompany,7-Jul-20,382407187-00006
0FE7B5A7-C8A8-2678-8CC5-DA3A65259C9C,Jane Doe,janedoe@example.org,Example Corp.,15-Dec-19,759008642-00002
CD12D15E-AED3-5D77-B123-3B3BAFADD887,Jane Roe,janeroe@example.org,AnyCompany,2-Jan-20,798721049-00004
44F79BF2-2923-1D16-30E9-3B24EB960945,John Doe,johndoe@example.org,Example Corp.,11-Dec-20,898606835-00004
1820B580-D3C3-269A-B105-940F9C07A534,John Stiles,johnstiles@example.org,AnyCompany,17-Mar-20,802918367-00003
1CB10AD9-E828-E338-4E58-CF803FCC27E1,Jorge Souza,jorgesouza@example.org,Example Corp.,4-Oct-19,744629049-00001
E12B51FA-BE49-8849-A606-2DAFCF52DB10,Kwaku Mensah,kwakumensah@example.org,AnyCompany,17-May-21,790065890-00002
AB596C74-79BA-0CDE-309D-29281EBEE2E8,Kwesi Manu,kwesimanu@example.org,Example Corp.,13-May-21,805018173-00007
E408F04D-83F8-7F12-70F8-6449BCF438A2,Li Juan,lijuan@example.org,AnyCompany,1-Dec-20,828704783-00004
14A9C71C-4346-3CD4-0091-B13DB06BF5AC,Liu Jie,liujie@example.org,Example Corp.,28-Feb-20,737177808-00000
F51CAB5E-FADC-F0E8-A293-69F666BF32F5,Marcia Oliveira,marciaoliveira@example.org,AnyCompany,7-Nov-19,227265469-00006
61E0E235-E676-3109-9ABF-DB645D41A6B8,Maria Garcia,mariagarcia@example.org,Example Corp.,13-Jun-19,190306100-00008
44B5667A-D834-EC56-C638-136022BC2F0D,Martha Rivera,martharivera@example.org,AnyCompany,19-Aug-19,395611247-00002
B10281FC-8975-C403-5D3A-4635FC498D76,Mary Major,marymajor@example.org,Example Corp.,18-Jun-20,082408329-00009
27DFF194-BD38-EF97-B757-A55A0A4C4FF6,Mateo Jackson,mateojackson@example.org,AnyCompany,30-May-19,345928113-00009
4BEBE1AF-2460-FA0F-2EA3-46BBA4E19CF2,Nikhil Jayashankar,nikhiljayashankar@example.org,Example Corp.,6-Mar-20,939605937-00001
B9867236-83AB-C91A-360F-D90FB12FE425,Nikki Wolf,nikkiwolf@example.org,AnyCompany,20-Jun-20,842594590-00007
5740DC6D-8F50-AB98-6AB9-8253123BE78A,Paulo Santos,paulosantos@example.org,Example Corp.,10-Oct-19,785701301-00000
2CB96441-F3C4-4B18-0ED3-736DF267BD25,Richard Roe,richardroe@example.org,AnyCompany,17-Aug-19,050861426-00000
92B610DD-2F79-57A4-64AC-C918724185ED,Saanvi Sarkar,saanvisarkar@example.org,Example Corp.,16-Aug-19,024823775-00002
B5170F6D-2946-891E-7FB9-4F8CF84FCE7B,Shirley Rodriguez,shirleyrodriguez@example.org,AnyCompany,31-Jan-21,210956587-00005
C9BF5A1D-3FA9-4D1C-5D69-6E2741DB75B0,Sofia Martinez,sofiamartinez@example.org,Example Corp.,5-Oct-19,100560671-00008
E54D3277-D609-439D-5852-A4C74C2C7710,Wang Xiulan,wangxiulan@example.org,AnyCompany,20-Feb-21,011976552-00007
84C2D916-FE70-14A2-ADB1-E652F078EA33,Zhang Wei,zhangwei@example.org,Example Corp.,14-Jul-20,558243267-00009
FE141DDF-AC2E-42F9-3F2A-4A58D8CDFC94,Alejandro Rosalez,alejandrorosalez@example.io,AnyCompany,10-Feb-21,678420191-00002
019670F4-684D-0BEB-10C1-2894F167AA31,Akua Mansa,akuamansa@example.io,Example Corp.,19-Feb-21,453775199-00004
6C027ECA-09A9-D376-F807-6D5128A11E6F,AnaCarolina Silva,anacarolinasilva@example.io,AnyCompany,12-Apr-20,818668949-00006
8F7096A1-1EC9-0A45-3597-6AAA0A42D0EC,Arnav Desai,arnavdesai@example.io,Example Corp.,27-Feb-20,175439728-00007
FAF18B66-6A9D-0F79-2610-5F2317362322,Carlos Salazar,carlossalazar@example.io,AnyCompany,15-Mar-21,955996673-00005
E69B9D4C-3794-F8BD-45C2-FD5423805038,Diego Ramirez,diegoramirez@example.io,Example Corp.,3-Aug-19,180215436-00007
6DB833FA-5C7B-0BD1-B3A2-591A405628A7,Efua Owusu,efuaowusu@example.io,AnyCompany,16-Jul-20,579715939-00008
C4D466B0-5BEE-A786-E061-91C751A204ED,Jane Doe,janedoe@example.io,Example Corp.,4-Dec-20,052369410-00007
08D90C84-469D-9566-3D85-D11B02791E2A,Jane Roe,janeroe@example.io,AnyCompany,13-Sep-19,150356335-00003
19F22A2E-E477-B93A-BDE1-60A64089717D,John Doe,johndoe@example.io,Example Corp.,15-Dec-20,487726333-00007
22C4D89E-CAD1-459A-7A73-133380C3633E,John Stiles,johnstiles@example.io,AnyCompany,3-Jun-20,672265121-00000
3C354B2A-EE79-C301-7698-4DC92DAF424C,Jorge Souza,jorgesouza@example.io,Example Corp.,12-Sep-19,973148240-00003
E1CAB44E-81D5-D011-D092-25BC07C79F3D,Kwaku Mensah,kwakumensah@example.io,AnyCompany,9-May-21,878059823-00004
70C909D3-ECF6-07C3-9E9D-0DB82F17FD01,Kwesi Manu,kwesimanu@example.io,Example Corp.,24-Apr-20,223195884-00000
04222C3A-C2FA-2C67-B920-2722FA1932BB,Li Juan,lijuan@example.io,AnyCompany,1-Mar-20,481031821-00004
72568BDA-C30D-2BDF-AE9F-ED9E301DD979,Liu Jie,liujie@example.io,Example Corp.,12-Jul-19,627190283-00002
66490A28-D66D-4D5B-5E1E-CDBE628FC53B,Marcia Oliveira,marciaoliveira@example.io,AnyCompany,14-Mar-21,672866217-00009
186C842B-3E7A-66EB-A621-C23C2A1E2648,Maria Garcia,mariagarcia@example.io,Example Corp.,14-Dec-20,214574188-00006
481A0D7C-DE1A-B314-EC5E-08D27DB8A253,Martha Rivera,martharivera@example.io,AnyCompany,18-Jan-21,862265840-00002
123140EF-B026-8E7A-D126-86A1AB7DA821,Mary Major,marymajor@example.io,Example Corp.,21-Sep-19,829520774-00003
FC5E62A3-0445-A6B1-05E2-3805973B95BB,Mateo Jackson,mateojackson@example.io,AnyCompany,15-Dec-19,358753218-00009
4BA4E0E1-08E8-2EC7-DD0D-0E189A43187E,Nikhil Jayashankar,nikhiljayashankar@example.io,Example Corp.,16-Dec-19,698387834-00006
F823BB44-060F-68CB-DF84-AC134881C0B5,Nikki Wolf,nikkiwolf@example.io,AnyCompany,17-Jul-19,911259463-00006
5B738511-BCB9-53D5-7529-1669003CF364,Paulo Santos,paulosantos@example.io,Example Corp.,9-Sep-19,032355273-00007
9FF94692-D800-994E-B849-8F6563C1D422,Richard Roe,richardroe@example.io,AnyCompany,11-Apr-20,738734433-00001
A88F8D29-A43D-34A0-54B9-BEB21877580B,Saanvi Sarkar,saanvisarkar@example.io,Example Corp.,17-Nov-19,691903256-00002
4EAAE0D6-3E42-AC68-18D5-3AB117CB4541,Shirley Rodriguez,shirleyrodriguez@example.io,AnyCompany,29-Dec-20,304265192-00001
F744888F-90E7-44A4-40D9-EB0C6296B4E3,Sofia Martinez,sofiamartinez@example.io,Example Corp.,23-Jun-19,446243271-00009
70BE8F10-C705-EBA7-57EC-B0C59A71DACD,Wang Xiulan,wangxiulan@example.io,AnyCompany,24-Jun-20,654557313-00008
61224AB5-898C-9D8C-5D0C-CDBCF192516D,Zhang Wei,zhangwei@example.io,Example Corp.,11-Sep-19,261410971-00004
E124EF00-F97B-6997-7919-5B0E4692AB74,Alejandro Rosalez,alejandrorosalez@example.edu,AnyCompany,1-Jan-21,068370931-00005
12257B3F-35E5-9410-97DA-3E965AA01AC8,Akua Mansa,akuamansa@example.edu,Example Corp.,19-Dec-20,131573008-00003
68D6F405-29AA-C84B-6BA7-69197DED091E,AnaCarolina Silva,anacarolinasilva@example.edu,AnyCompany,9-Dec-19,738051390-00008
99FC20F1-7848-B12D-740D-A70921743DC4,Arnav Desai,arnavdesai@example.edu,Example Corp.,30-Jun-20,872025184-00005
F1F79417-2070-F9F9-1BB4-4D334AFA6E05,Carlos Salazar,carlossalazar@example.edu,AnyCompany,1-Dec-20,171243231-00007
596CAC94-7985-A271-6328-5CF4FC740A51,Diego Ramirez,diegoramirez@example.edu,Example Corp.,17-Dec-20,360875728-00006
EB21358D-8E48-3CBE-60D9-12E5B07A6A65,Efua Owusu,efuaowusu@example.edu,AnyCompany,21-May-21,989451802-00007
7BACDB56-8F83-96BF-F13E-A2C4AE1DC0FD,Jane Doe,janedoe@example.edu,Example Corp.,22-Jun-20,537622656-00008
BBD9F488-8EC8-8E48-3A14-C653D0008945,Jane Roe,janeroe@example.edu,AnyCompany,25-Mar-20,613910678-00002
5DFD2087-EA86-B01B-7514-55846AEFE126,John Doe,johndoe@example.edu,Example Corp.,28-Jul-19,757331780-00002
8FAC545A-BD8F-8320-EC7F-8B387CB88264,John Stiles,johnstiles@example.edu,AnyCompany,7-Mar-20,995683968-00003
04408EDA-F30D-CD74-DE86-5771AA0596E1,Jorge Souza,jorgesouza@example.edu,Example Corp.,8-Oct-19,830335709-00002
5D0E184F-0DE0-485E-C79E-72F9ADDE5F79,Kwaku Mensah,kwakumensah@example.edu,AnyCompany,8-Dec-20,161326129-00004
354475F1-FBA5-404D-E953-99B27C8E7003,Kwesi Manu,kwesimanu@example.edu,Example Corp.,13-Jan-21,628844540-00003
D359FB2D-C74E-A405-901E-7CF951AB9724,Li Juan,lijuan@example.edu,AnyCompany,20-Sep-19,097772404-00006
7D7A11F1-A1D2-3CB0-81FC-566E4647CEB4,Liu Jie,liujie@example.edu,Example Corp.,26-Feb-20,597028794-00001
524B97E2-F81F-9F69-2C52-76E21CF7B694,Marcia Oliveira,marciaoliveira@example.edu,AnyCompany,6-Feb-20,757701339-00009
640C43E4-E28F-EFDC-A81C-CFAE96283040,Maria Garcia,mariagarcia@example.edu,Example Corp.,14-Jun-19,777190703-00002
7D8C4448-3E8C-2CD5-1475-EA47740125D9,Martha Rivera,martharivera@example.edu,AnyCompany,17-Aug-20,911047074-00008
56D99E0C-A39B-83AF-BFFB-9B20B3A5802F,Mary Major,marymajor@example.edu,Example Corp.,9-Sep-19,062304530-00009
9DE9D7DE-741B-F8DD-77BC-2C3CE4B40A56,Mateo Jackson,mateojackson@example.edu,AnyCompany,3-Oct-20,250034956-00004
93390EB4-193D-16F7-B024-9C2BDE92EB88,Nikhil Jayashankar,nikhiljayashankar@example.edu,Example Corp.,25-Apr-20,698302734-00000
022D0E3B-4FB1-31DB-6174-A97A1AF2B80D,Nikki Wolf,nikkiwolf@example.edu,AnyCompany,7-Feb-21,904392156-00009
155A8EA5-F55A-6C7B-9F15-19E6547C0FAE,Paulo Santos,paulosantos@example.edu,Example Corp.,25-Apr-21,580005635-00009
EA156813-49DF-CF10-7CE4-3A2DA0401365,Richard Roe,richardroe@example.edu,AnyCompany,27-Mar-21,309919504-00006
1A5DE75A-3A07-7B3B-ED20-10435A2870B6,Saanvi Sarkar,saanvisarkar@example.edu,Example Corp.,1-Mar-20,770857217-00002
08CB6163-B995-1235-0FF2-BB17577424DE,Shirley Rodriguez,shirleyrodriguez@example.edu,AnyCompany,14-Nov-19,059593749-00001
9EE2B691-D761-85DA-43F6-442D82B1C5B6,Sofia Martinez,sofiamartinez@example.edu,Example Corp.,25-Dec-20,862643640-00009
52F24EB2-A4A6-67F5-C79E-208AD8BBFABF,Wang Xiulan,wangxiulan@example.edu,AnyCompany,28-Jan-20,858915366-00000
73CC1DD2-5B22-12B4-C0ED-E4BC4FBDBDAF,Zhang Wei,zhangwei@example.edu,Example Corp.,16-Oct-20,924032139-00009
5CE283F4-60B9-AA74-CB0F-54D3EE593BF9,Alejandro Rosalez,alejandrorosalez@example.co,AnyCompany,3-Jun-20,359003100-00005
5F571E82-A084-2355-C537-424D98E1EC29,Akua Mansa,akuamansa@example.co,Example Corp.,7-Jan-21,135733269-00009
2EB41F83-0767-4E87-D7A4-008388DADDA8,AnaCarolina Silva,anacarolinasilva@example.co,AnyCompany,31-May-20,194658878-00005
F975E4B6-30A3-724C-92B0-2A0CFAF99E54,Arnav Desai,arnavdesai@example.co,Example Corp.,5-Jan-20,620548545-00008
AC81F8E3-8F80-ABB8-4481-5FD92F3E0B6A,Carlos Salazar,carlossalazar@example.co,AnyCompany,19-May-20,062131610-00008
95BC6CD8-097B-FC48-F2F2-B936C577F775,Diego Ramirez,diegoramirez@example.co,Example Corp.,22-Dec-19,861341261-00001
B8C54119-DB35-B583-591C-1A3EDA9BBDCA,Efua Owusu,efuaowusu@example.co,AnyCompany,20-Mar-20,672824653-00006
9B46BAE5-886E-D538-3264-95F16B38C9FA,Jane Doe,janedoe@example.co,Example Corp.,29-Apr-21,787115740-00005
5193AF7A-9C39-D686-FDD2-F9E2B48660CF,Jane Roe,janeroe@example.co,AnyCompany,15-Mar-20,077737179-00000
63AB89C4-3AE7-0E4D-059D-30B722ECE5B7,John Doe,johndoe@example.co,Example Corp.,27-Sep-19,607991817-00000
0D0A0039-6CD1-7996-34C7-71A6B075F82E,John Stiles,johnstiles@example.co,AnyCompany,11-Apr-20,742068703-00005
D104FE52-491C-5ADF-8EC3-431688C5A58B,Jorge Souza,jorgesouza@example.co,Example Corp.,23-Oct-20,412721888-00003
AE9A6A68-37E1-CAE9-455A-5522D914A718,Kwaku Mensah,kwakumensah@example.co,AnyCompany,28-Nov-20,704123934-00009
7ED6381E-0321-CC71-3856-A8323B9DA57B,Kwesi Manu,kwesimanu@example.co,Example Corp.,15-Jul-20,703486951-00006
707EDCC5-EF85-064B-B019-D98491ED49D0,Li Juan,lijuan@example.co,AnyCompany,19-Aug-20,659925093-00000
F5C3D0A3-19E6-5AAA-192D-DB0BCF5BE375,Liu Jie,liujie@example.co,Example Corp.,21-May-21,537306110-00009
0E37DAF8-C37F-A9B9-4366-DF48D750768C,Marcia Oliveira,marciaoliveira@example.co,AnyCompany,19-Mar-20,347783565-00000
4D0E090E-F0BA-670E-79CB-90D6CD2A32B6,Maria Garcia,mariagarcia@example.co,Example Corp.,9-Jan-21,961102688-00002
FE3335B1-7984-82CD-8EDF-7727162AF54A,Martha Rivera,martharivera@example.co,AnyCompany,11-Sep-20,376901435-00002
AC9DD635-D062-ECB3-CF92-7FDAACE3A0D9,Mary Major,marymajor@example.co,Example Corp.,1-Mar-21,680595568-00006
572EF721-463E-124B-D5D7-820E85C97073,Mateo Jackson,mateojackson@example.co,AnyCompany,25-Aug-19,287107825-00005
36820CA7-75C9-E4F3-0F7D-47FCACB85BCD,Nikhil Jayashankar,nikhiljayashankar@example.co,Example Corp.,14-Jan-20,090525700-00002
ADCD95D6-8DE9-3657-B0F6-9E588562DE76,Nikki Wolf,nikkiwolf@example.co,AnyCompany,30-Mar-21,147893705-00003
62939995-9C03-EDA4-ED65-042842F88DC6,Paulo Santos,paulosantos@example.co,Example Corp.,6-Jan-20,386679526-00007
89189474-21AA-13F1-3B98-3FF023A40ADA,Richard Roe,richardroe@example.co,AnyCompany,18-Jul-19,854985744-00002
C1B4C82F-7BD8-0B47-58E5-F50647A3639B,Saanvi Sarkar,saanvisarkar@example.co,Example Corp.,18-Mar-21,487657660-00006
882E576B-D3FA-4416-D12A-AD919D27ED4F,Shirley Rodriguez,shirleyrodriguez@example.co,AnyCompany,28-Oct-20,901836395-00003
C62AFCD7-5756-0324-0818-C74BAE43ABA7,Sofia Martinez,sofiamartinez@example.co,Example Corp.,12-Feb-21,179422407-00009
EF98451F-6DE3-8CAC-76A0-A72BE9F2F2DE,Wang Xiulan,wangxiulan@example.co,AnyCompany,29-Oct-19,659544126-00009
2065E2BF-2050-DE05-A5FF-302F4F390493,Zhang Wei,zhangwei@example.co,Example Corp.,17-Jun-20,409188000-00007
54A22F02-CCF8-9ADC-CC98-531A5DDD70E9,Alejandro Rosalez,alejandrorosalez@example.ca,AnyCompany,7-Mar-20,680908290-00009
C6EBA10F-C44A-0FE9-AD6D-A03D034A9F32,Akua Mansa,akuamansa@example.ca,Example Corp.,4-Nov-20,569862642-00000
F3B6718F-C206-8D39-36A1-94A678A1E451,AnaCarolina Silva,anacarolinasilva@example.ca,AnyCompany,10-Jul-20,143598654-00000
E6F11355-FF79-94C3-BACC-D25023FC6F3C,Arnav Desai,arnavdesai@example.ca,Example Corp.,17-Aug-19,533945580-00009
AB4DC74F-C606-9987-19AF-F9EB022DA990,Carlos Salazar,carlossalazar@example.ca,AnyCompany,28-May-19,511389421-00005
88BD422B-5262-4561-3A26-8C8C60F8E035,Diego Ramirez,diegoramirez@example.ca,Example Corp.,1-Dec-20,313567273-00005
6F0E3C6D-6936-4D16-0809-21054Q630520,Efua Owusu,efuaowusu@example.ca,AnyCompany,2-Oct-19,015199953-00009
E1834EC6-689B-A869-C306-DC2A9D9A73F1,Jane Doe,janedoe@example.ca,Example Corp.,31-May-19,771461043-00008
BFCFDD2C-012A-1CEC-716D-2E3D5F41B906,Jane Roe,janeroe@example.ca,AnyCompany,23-Jul-19,216014282-00000
46894AC0-91FC-A832-67F7-C7EF743F1952,John Doe,johndoe@example.ca,Example Corp.,9-Jun-19,797558954-00005
9DA21482-CD18-3C8C-B8E6-255D7182BC11,John Stiles,johnstiles@example.ca,AnyCompany,4-Nov-20,737094946-00008
173B174C-FCE8-4594-A258-ED0C318237B0,Jorge Souza,jorgesouza@example.ca,Example Corp.,25-Aug-20,574236113-00001
230ECCA2-DB8E-381C-8975-1370BABB433F,Kwaku Mensah,kwakumensah@example.ca,AnyCompany,18-Sep-20,285377990-00004
222E0935-7AA5-0C9F-5351-66E45B2305BF,Kwesi Manu,kwesimanu@example.ca,Example Corp.,19-Jun-20,661066134-00007
CB297A41-5C14-7B1D-E958-D826FB86F9F5,Li Juan,lijuan@example.ca,AnyCompany,3-Jan-21,430152140-00009
EE6198E1-88D2-7F0F-4542-1FB5EBF53A77,Liu Jie,liujie@example.ca,Example Corp.,5-Dec-19,410496301-00004
A3AB0D06-CBD7-141F-F595-3A6797B7B968,Marcia Oliveira,marciaoliveira@example.ca,AnyCompany,27-Aug-20,063999833-00005
D843368D-3FCE-44E8-4110-1EED765FD9DE,Maria Garcia,mariagarcia@example.ca,Example Corp.,1-May-20,432735033-00008
DE89A1B5-4146-A41B-429F-762B12B0F872,Martha Rivera,martharivera@example.ca,AnyCompany,29-Jan-21,772840229-00003
6801E98E-A8E5-6E71-D732-6D19E699E7FF,Mary Major,marymajor@example.ca,Example Corp.,18-Aug-19,061852513-00003